EDAmean,EDAstd,EDAslope,EDArange,RESPrate,RESPamplitude,RESPstd,RESPrange,id,EDAmean_pre,EDAstd_pre,EDAslope_pre,EDArange_pre,RESPrate_pre,RESPamplitude_pre,RESPstd_pre,RESPrange_pre,mae
331.024811,83.876358,0.028545,270.996094,7.934386,0.344238,0.083290,0.344238,1,232.933502,1.476918,-0.000424,6.713867,8.043150,0.299072,0.077768,0.299072,7.549810
3693.965668,104.458485,0.014516,434.875488,7.625834,0.540771,0.148699,0.540771,2,3419.582092,29.400072,0.000892,100.402832,7.624810,0.285950,0.079353,0.285950,2.111201
1528.245789,151.506111,0.041566,454.406738,7.200776,1.056213,0.264551,1.056213,3,1216.260498,13.214552,0.002436,47.302246,7.372503,0.773621,0.166676,0.773621,6.508382
1289.210175,67.728995,0.012672,230.102539,5.422122,2.099915,0.536362,2.099915,4,1129.152100,14.013419,0.003447,43.029785,4.986381,2.185059,0.593916,2.185059,4.223587
446.509979,72.639365,0.024952,225.219727,7.845849,1.603394,0.526856,1.603394,5,339.624908,2.746309,-0.000897,10.986328,7.337076,1.149902,0.272680,1.149902,7.879949
3060.280060,145.907487,0.022245,568.237305,7.482300,0.731506,0.169086,0.731506,7,2572.434021,23.204448,-0.005527,91.552734,7.466604,0.518494,0.113358,0.518494,5.770787
5390.979401,290.582898,0.060861,1033.935547,8.073941,0.658264,0.135879,0.658264,9,4685.288422,14.709140,-0.004788,53.710938,8.145717,0.530090,0.110227,0.530090,1.332042
1306.839203,126.621295,0.023464,469.055176,7.370148,1.525269,0.374099,1.525269,11,966.641632,11.025055,-0.003809,40.283203,7.339375,1.352539,0.322902,1.352539,6.270701
1449.360992,91.341183,0.025310,334.472656,7.968065,0.484619,0.111791,0.484619,12,1230.817993,6.627785,-0.000273,28.686523,7.946520,0.251770,0.057889,0.251770,2.397505
1065.404358,64.956845,0.016682,210.571289,7.538331,0.706177,0.168570,0.706177,13,921.541992,3.766597,-0.001117,16.784668,7.590526,0.786743,0.203160,0.786743,7.673719
4842.733337,254.865678,-0.016274,949.096680,7.651236,0.364075,0.090321,0.364075,15,4129.483948,73.733512,0.010436,236.206055,7.631314,0.444336,0.078467,0.444336,2.601717
2107.879364,291.512222,0.100607,930.480957,6.218681,2.689819,0.732116,2.689819,16,1680.648651,52.062596,0.002429,192.565918,6.473383,1.603394,0.428074,1.603394,10.210029
1113.744537,225.766351,0.071927,731.811523,7.733429,0.442810,0.122857,0.442810,18,709.346100,3.372299,-0.001123,11.901855,7.684788,0.286865,0.073760,0.286865,6.851312
3129.329834,84.741668,0.013305,382.080078,7.390169,0.762329,0.205337,0.762329,19,2818.554810,23.676350,-0.003637,139.770508,7.213960,0.952759,0.229478,0.952759,2.860559
4417.421814,176.490090,0.002994,704.956055,5.673888,2.142944,0.502256,2.142944,20,3843.173340,72.854941,-0.005674,221.862793,5.499249,2.830505,0.686361,2.830505,2.911329
887.228516,178.512457,0.061545,539.855957,8.082868,0.234680,0.065394,0.234680,1,632.451813,5.550155,0.001537,15.563965,8.015304,0.328979,0.066583,0.328979,3.468601
3780.583466,130.416242,0.020876,477.905273,7.686677,0.727234,0.171513,0.727234,2,3516.340515,11.664827,-0.001901,43.945312,7.608191,0.541992,0.114897,0.541992,1.413883
1766.662292,130.551659,0.034479,416.870117,7.278879,0.976562,0.229513,0.976562,3,1495.907501,20.344923,-0.004662,70.800781,7.168056,0.981445,0.258015,0.981445,2.750487
1264.769043,44.557932,0.006621,158.691406,5.068435,2.877808,0.685963,2.877808,4,1173.181305,8.010274,-0.001550,28.381348,5.261554,1.559143,0.473732,1.559143,2.194101
606.802490,60.027080,0.019911,182.800293,7.626883,1.234741,0.352392,1.234741,5,495.233673,2.927239,-0.000688,13.122559,7.334038,1.682129,0.332148,1.682129,1.352128
3062.271118,155.873372,0.023411,532.226562,7.451814,0.814819,0.218048,0.814819,7,2726.653748,16.720347,-0.004224,59.509277,7.359550,0.777283,0.210177,0.777283,1.118556
5501.499939,184.264885,-0.021434,659.179688,8.129637,0.715637,0.146843,0.715637,9,5279.686157,37.929153,-0.004691,154.418945,8.064273,0.453491,0.120201,0.453491,1.548065
1499.578918,111.357389,0.012199,426.025391,7.387726,1.235352,0.377360,1.235352,11,1202.414093,7.540934,-0.002470,32.043457,7.321012,1.083374,0.331868,1.083374,2.633045
1549.644104,69.196481,0.001030,228.271484,7.980456,0.451355,0.097409,0.451355,12,1410.450775,17.325309,0.000932,61.340332,7.992099,0.422668,0.105913,0.422668,2.041007
1138.359833,60.035651,0.015361,182.189941,7.782504,0.513611,0.125274,0.513611,13,1004.206573,3.033840,0.000690,12.817383,7.685534,0.687561,0.170216,0.687561,3.315943
4708.291412,262.407866,-0.000891,950.622559,7.724422,0.551758,0.121887,0.551758,15,4159.883545,55.819001,-0.019207,199.890137,7.653138,0.448608,0.109453,0.448608,1.744698
2645.838501,162.211042,0.026161,485.229492,6.577576,1.800232,0.463076,1.800232,16,2338.025238,35.062360,0.002069,112.915039,6.246929,1.710815,0.494561,1.710815,1.879871
1226.571655,183.890994,0.058263,547.485352,8.046185,0.422058,0.120976,0.422058,18,980.898804,11.270681,-0.003737,41.503906,7.925533,0.243835,0.055222,0.243835,2.924964
3072.995392,63.322297,0.012327,304.260254,7.199528,0.825195,0.231149,0.825195,19,3014.192871,30.131340,-0.002938,127.258301,7.347176,0.679016,0.204067,0.679016,1.810807
4238.181396,218.426008,0.027287,859.375000,5.693404,2.390747,0.605169,2.390747,20,3730.430511,69.117285,-0.006064,299.682617,5.869677,2.340088,0.616100,2.340088,1.467854
1295.640900,69.213821,0.022703,190.734863,7.976282,0.382080,0.079166,0.382080,1,1153.051636,45.488775,-0.012233,138.244629,8.047184,0.345459,0.083050,0.345459,6.831869
3840.585114,76.967201,-0.004567,264.282227,7.594232,0.508728,0.141180,0.508728,2,3641.352386,33.691298,0.009408,133.361816,7.563206,0.386353,0.100922,0.386353,2.497216
1847.509186,104.710473,0.029314,331.420898,7.078153,1.393738,0.333187,1.393738,3,1623.542480,32.141327,0.001306,104.064941,7.211346,0.967407,0.281069,0.967407,4.051904
1261.960510,37.511861,0.010825,133.056641,5.554845,3.028870,0.898340,3.028870,4,1183.605591,5.998170,-0.000327,20.446777,4.504982,3.560181,0.888139,3.560181,5.817781
706.293427,55.982070,0.018375,176.391602,7.823236,2.154236,0.598931,2.154236,5,613.047546,8.029888,-0.002739,32.348633,7.446760,1.014404,0.297821,1.014404,5.214901
3189.969299,170.148050,0.037222,634.765625,7.480782,0.840454,0.196344,0.840454,7,2833.283783,26.553446,-0.008254,94.604492,7.397829,0.932312,0.246042,0.932312,2.445854
5373.775360,134.453251,0.027696,577.392578,8.027836,0.551758,0.114798,0.551758,9,5145.759674,28.777349,-0.009490,111.083984,8.117831,0.529785,0.118039,0.529785,5.556331
1555.650146,83.287012,-0.008363,311.584473,7.310443,1.238098,0.354199,1.238098,11,1403.914490,11.979323,-0.004110,39.978027,7.306812,1.216125,0.374950,1.216125,3.364154
1516.129425,66.658443,0.001119,234.375000,7.944929,0.491943,0.113068,0.491943,12,1373.354309,15.776219,-0.005270,54.321289,7.920939,0.291443,0.086721,0.291443,2.903561
1187.088593,62.133704,0.015635,194.396973,7.523815,0.935059,0.269698,0.935059,13,1079.836853,11.416035,-0.003945,41.503906,7.678991,0.753479,0.197105,0.753479,9.290733
4667.911469,269.320048,0.007587,946.350098,7.537564,0.512695,0.133568,0.512695,15,4102.588745,47.882490,-0.016437,174.865723,7.609217,0.330505,0.074919,0.330505,3.321442
2582.544678,137.612099,0.028423,428.771973,6.181523,2.109680,0.609157,2.109680,16,2282.172424,17.020175,-0.000196,63.171387,6.224126,1.827698,0.433755,1.827698,8.023269
1290.976593,111.399730,0.025134,382.385254,8.014435,0.224609,0.056482,0.224609,18,1117.538788,20.599532,-0.007030,69.885254,8.021959,0.209045,0.056203,0.209045,5.061045
2978.489258,52.476465,0.009866,202.941895,7.354524,0.862122,0.270334,0.862122,19,2978.545441,40.696429,-0.001840,155.639648,7.232142,0.799255,0.212638,0.799255,3.506907
4036.256073,151.171087,0.022776,650.329590,5.824056,2.063904,0.619013,2.063904,20,3663.946930,71.008771,-0.024466,243.530273,5.868447,2.213745,0.612543,2.213745,2.784002
